<?xml version="1.0" encoding="UTF-8"?>
<jcr:root xmlns:sling="http://sling.apache.org/jcr/sling/1.0" xmlns:cq="http://www.day.com/jcr/cq/1.0" xmlns:granite="http://www.adobe.com/jcr/granite/1.0" xmlns:jcr="http://www.jcp.org/jcr/1.0" xmlns:nt="http://www.jcp.org/jcr/nt/1.0"
    jcr:primaryType="nt:unstructured"
    jcr:title="Frame.io Cloud Configuration"
    sling:resourceType="cq/gui/components/authoring/dialog"
    extraClientlibs="[frameio.cloudconfig.clientlib]"
    mode="edit">
    <content
        jcr:primaryType="nt:unstructured"
        sling:resourceType="granite/ui/components/coral/foundation/fixedcolumns">
        <items jcr:primaryType="nt:unstructured">
            <column
                jcr:primaryType="nt:unstructured"
                sling:resourceType="granite/ui/components/coral/foundation/container">
                <items jcr:primaryType="nt:unstructured">
                    <metadata
                        jcr:primaryType="nt:unstructured"
                        jcr:title="Configuration"
                        sling:resourceType="granite/ui/components/coral/foundation/form/fieldset">
                        <items jcr:primaryType="nt:unstructured">
                            <title
                                jcr:primaryType="nt:unstructured"
                                sling:resourceType="granite/ui/components/coral/foundation/form/textfield"
                                fieldLabel="Title"
                                name="./jcr:title"
                                required="{Boolean}true"/>
                            <devToken
                                jcr:primaryType="nt:unstructured"
                                sling:resourceType="granite/ui/components/coral/foundation/form/password"
                                fieldDescription="Frame.io Developer Auth Token"
                                fieldLabel="Frame.io Developer Token"
                                name="./devtoken"
                                granite:class="frameio-token"
                                required="{Boolean}true"/>
                            <connect
                                jcr:primaryType="nt:unstructured"
                                sling:resourceType="granite/ui/components/coral/foundation/button"
                                granite:class="connect-frameio-button"
                                text="Connect to Frame.io"
                                variant="primary" />
                        </items>
                    </metadata>
                </items>
            </column>
        </items>
    </content>
</jcr:root>
